user_id;name;gender;age;city
1;Dustin Boyd;M;56;Jacksonville
2;Michelle Everett;M;46;Chicago
3;Oscar Davis;F;32;Chicago
4;Charles Gonzalez;M;25;Charlotte
5;Michael Garcia;M;38;Jacksonville
6;Samantha Allen;M;56;San Antonio
7;Ashley Ruiz;M;36;Denver
8;Gregory Peterson;M;40;Austin
9;Ricardo Booker;F;28;Seattle
10;Jason Mckay;M;28;Los Angeles
11;Miss Nichole Blair;M;41;Indianapolis
12;Francisco Oneal;M;53;Philadelphia
13;Herbert Lam;M;57;Charlotte
14;Brandy Bullock;M;41;Chicago
15;Lindsey Wood;M;20;Washington
16;Anthony Byrd;M;39;Dallas
17;Mariah Black;F;19;San Antonio
18;Matthew Skinner;M;41;San Antonio
19;Dr. Timothy Harris;F;47;Los Angeles
20;Joseph Perez;F;55;Los Angeles
21;William Hendrix;M;19;Los Angeles
22;Mitchell Brown;M;38;Houston
23;Thomas Medina;F;50;Columbus
24;Megan Ferrell;F;29;San Antonio
25;Brandy Patterson;F;39;Phoenix
26;Lucas Ward;M;42;Houston
27;Zachary Liu;M;44;Jacksonville
28;Vanessa Ray;F;59;Austin
29;Rebecca Forbes;M;45;Chicago
30;Philip Christensen;M;33;Seattle
31;Rhonda Miller;F;32;Philadelphia
32;Deborah Foster;M;20;Indianapolis
33;Mariah Washington;F;54;Chicago
34;Robert Key;F;24;Washington
35;John Delgado;F;38;Seattle
36;Steven Lynch;M;26;San Antonio
37;Travis Patton;F;56;Washington
38;Jeffery Crane;M;35;New York
39;James Morrow;F;21;Seattle
40;Anthony Rodriguez;M;42;Fort Worth
41;Joseph Hester;F;31;Los Angeles
42;Kelly Booth;F;26;Charlotte
43;Amber Miller;M;43;San Jose
44;Brandon Rodgers;M;19;Seattle
45;Wendy Santiago;M;37;Houston
46;Lisa Willis;M;45;Denver
47;Ann Vincent;F;24;Houston
48;Scott Duncan;M;25;Washington
49;Andrew Collier;M;52;Los Angeles
50;Anna Montgomery;M;31;Los Angeles
51;Jessica Stone;F;34;Houston
52;David Anderson;F;53;Denver
53;Matthew Bennett;F;57;Charlotte
54;Kathleen Best;F;21;New York
55;Jennifer Cline;M;19;San Francisco
56;Carrie Francis;F;23;New York
57;Robert Smith;F;59;Houston
58;Jonathan Woods;M;21;Indianapolis
59;John Sosa;F;46;Charlotte
60;Stephanie Pham;M;35;San Jose
61;Mitchell Burke;M;43;Austin
62;Charles Ellison;M;51;Seattle
63;Brianna Gonzales;M;27;Fort Worth
64;Anthony Mullen;F;53;San Francisco
65;Gary Hinton;F;31;Charlotte
66;Joel Hughes;F;48;Phoenix
67;Angela Carter;M;32;Dallas
68;David Williams;F;25;Dallas
69;Brandi White;M;31;San Francisco
70;Jaime Wells;M;40;Fort Worth
71;Caitlyn Santos;M;57;Charlotte
72;Kendra Nolan;F;38;Houston
73;Rebekah Ho;F;33;San Antonio
74;Phillip Miranda;F;35;Columbus
75;Jason Reese;M;41;San Diego
76;Steve Davis;M;43;Columbus
77;Cynthia Murillo;F;42;Fort Worth
78;Valerie Barajas;M;58;Houston
79;Debra Barker;F;46;Philadelphia
80;Bonnie Valdez;F;32;Columbus
81;Victoria Kemp;F;18;Denver
82;David Cruz;M;42;Jacksonville
83;Tyrone Moore;F;24;Phoenix
84;Mark Davenport;M;26;Los Angeles
85;Nicole Dean;M;41;Philadelphia
86;Brandon Mills;F;18;San Jose
87;Thomas Scott;F;25;Charlotte
88;Michelle Wilson;F;41;New York
89;Amy Crosby;F;28;Phoenix
90;Patrick Graham;M;34;San Francisco
91;Arthur Harvey;M;25;Fort Worth
92;Kimberly Ray;F;52;Washington
93;Martha Thomas;M;52;Dallas
94;Joanna Berg;M;50;Houston
95;Sherri Moran;M;22;Jacksonville
96;Nicole Elliott;M;59;Charlotte
97;Elizabeth Bird;M;56;Houston
98;Angela Howard;F;58;Phoenix
99;Vincent Wright;M;45;San Diego
100;Alexander Roberts;F;24;San Francisco
101;Andrew Rodriguez;F;26;Phoenix
102;Joshua Dunn;F;25;Denver
103;Laura Alvarado;F;29;Dallas
104;William Morse;M;51;New York
105;Paige Phillips;M;50;Charlotte
106;James Medina;F;40;Indianapolis
107;Andrew Gonzalez;F;41;San Jose
108;Christine Daniel;M;54;Columbus
109;Bradley Smith;F;52;Austin
110;Teresa Shepard;F;57;Los Angeles
111;Jason Jones;M;39;Seattle
112;Jessica Lowe;F;44;Columbus
113;Andrew Russo;M;52;New York
114;Dana Turner;F;18;Chicago
115;Alan Whitaker;M;52;Washington
116;Andrew Jones;M;54;Philadelphia
117;Mackenzie Stewart;F;31;Fort Worth
118;Christopher Garrett;M;20;Dallas
119;Joshua Myers;M;18;Dallas
120;Clifford Keller;F;22;San Diego
121;Angel Burns;M;43;Denver
122;Craig Adams;M;31;Fort Worth
123;Michael Bentley;F;56;Charlotte
124;Sue Fleming;F;44;Chicago
125;Cheryl Hawkins;M;26;Columbus
126;Michael Barrett;M;32;Los Angeles
127;Matthew Fritz;F;32;Seattle
128;Jessica Smith DDS;F;43;Dallas
129;Rachel Davis;M;59;Phoenix
130;Mary Ortega;M;30;Philadelphia
131;Paula Dunn;M;49;San Jose
132;Shawn Garcia;M;56;Charlotte
133;Jose Hayden;M;49;Philadelphia
134;Andrew Pearson;F;21;San Francisco
135;Kim Patterson;M;47;Seattle
136;Richard Avila;M;54;Phoenix
137;Patricia Smith;M;40;Chicago
138;David Robinson;F;56;Columbus
139;Scott Ramos;M;32;Philadelphia
140;Sarah Bailey;F;46;San Diego
141;Frank Flores;F;53;Los Angeles
142;Beverly Luna;M;30;San Jose
143;Brad Henderson;M;49;Indianapolis
144;Stephen Richards;F;24;Indianapolis
145;Sean White;F;39;Chicago
146;Wendy Beltran;F;45;Washington
147;Brian Olson;F;19;Philadelphia
148;Kenneth Walton;F;59;Indianapolis
149;Mrs. Tina Brown;M;23;Fort Worth
150;Sara Keller;M;45;New York
151;Sean Gallegos;M;45;Jacksonville
152;Taylor Smith;M;37;Washington
153;Edwin Watson;F;47;San Antonio
154;Kiara Fischer;M;28;New York
155;Patricia Hinton;M;45;Dallas
156;Christian Rodriguez;M;42;Phoenix
157;Anne White;M;56;Houston
158;Kyle Castillo;M;50;San Jose
159;Gregory Haney;M;18;Houston
160;Joseph Calhoun;M;44;Phoenix
161;Joseph Davila;M;30;San Francisco
162;Lori Hart;M;58;San Francisco
163;Amanda Benton;F;20;Seattle
164;Jeffrey Dominguez;M;56;San Diego
165;Janice Knox;M;23;Indianapolis
166;Rebecca Jones;F;25;San Antonio
167;Christopher Solomon;F;44;Indianapolis
168;Timothy Simmons;M;26;San Diego
169;Sharon Castillo MD;M;54;Chicago
170;April Chen;F;50;New York
171;Jeff Gomez;M;59;Charlotte
172;Natasha Baker;F;41;Fort Worth
173;Joshua Munoz;F;32;Jacksonville
174;Jennifer Mathews;M;49;Dallas
175;Scott Gates;M;49;Washington
176;Brad Kelley;M;41;San Francisco
177;Tammy Carlson;F;58;Jacksonville
178;Steven Williams;F;29;Houston
179;Julia Rodriguez;F;56;Philadelphia
180;Stephanie Parker;F;19;Philadelphia
181;Shannon Strickland;F;20;San Francisco
182;David Forbes;M;54;San Jose
183;Daniel Baker;M;34;Charlotte
184;Cynthia Meyer;M;19;Charlotte
185;Patrick Hatfield;F;19;Dallas
186;Alvin Melendez;F;45;Los Angeles
187;John Martin;M;40;Washington
188;Patricia Goodwin;M;54;Phoenix
189;Jeremiah Mcconnell;M;49;Seattle
190;Sherri Alvarez;M;50;Columbus
191;Raven Cooper;F;18;New York
192;Rachael Thompson;M;36;Dallas
193;Mr. Charles Willis;F;19;Indianapolis
194;Dawn Cain;M;43;Seattle
195;Tonya Ford;F;49;Fort Worth
196;Sarah Gonzalez;F;23;Columbus
197;Sandra Robertson;M;49;Los Angeles
198;Edward Anderson;M;21;Phoenix
199;Bobby Fitzgerald;F;28;Austin
200;Brian Ramirez;M;34;San Diego
201;Jessica Smith;M;55;Dallas
202;Ruben Miller;M;41;Denver
203;Lisa Johnson;M;22;Philadelphia
204;Wendy Mckinney;M;51;Phoenix
205;Loretta Mcintyre;M;23;Chicago
206;Daniel Stewart;F;39;Jacksonville
207;Tracey Vincent;F;28;Dallas
208;Brianna Gonzalez;F;33;Charlotte
209;Holly Price;M;50;Indianapolis
210;James Rivera;F;26;Houston
211;Stephen Bailey;M;23;Houston
212;Marc Mccarty;M;33;Charlotte
213;Kyle Norman;F;46;Dallas
214;Jose Hendricks;M;20;Seattle
215;Jeremy Whitney;F;37;Washington
216;Kevin Boyle;F;53;Seattle
217;Andrew Clements;F;36;Denver
218;Troy Kaiser;F;43;Washington
219;Alvin Jackson;F;20;San Jose
220;Justin Gomez;F;36;New York
221;Luis Martinez;M;37;Charlotte
222;Sandra Johnson;M;49;New York
223;George Gonzalez;F;24;Seattle
224;Jodi Fleming;M;58;Denver
225;Jose Brown;M;50;Chicago
226;Patrick Collins;M;57;Charlotte
227;Amy Meadows;F;56;San Diego
228;Mary Herman;M;35;Phoenix
229;Christopher Robinson;M;57;Washington
230;Stephanie Young;F;18;San Francisco
231;Robert Greene;M;28;Denver
232;Colleen Cooper;M;45;Philadelphia
233;Sandra Schmitt;M;42;Denver
234;Ruth Cisneros;M;40;Austin
235;Brian English;M;48;Houston
236;Gregory Mitchell;M;47;San Diego
237;Joshua Mathis;M;59;San Antonio
238;Cindy Pruitt;F;52;San Jose
239;Timothy Watkins;M;24;Houston
240;Amanda Swanson;M;33;Austin
241;Danielle Foster;M;43;Indianapolis
242;Kristi Smith;M;19;Dallas
243;Anna Williams;F;18;Seattle
244;Angela Olson;F;29;San Jose
245;Todd Armstrong;F;22;Washington
246;Karen Harris;M;54;Jacksonville
247;Michael Black;F;49;Jacksonville
248;Sean Gutierrez;M;26;Seattle
249;Michael Green;F;58;Jacksonville
250;Carlos Myers;F;52;Los Angeles
251;Cassie Douglas;M;36;Austin
252;Vanessa Sosa;F;33;Columbus
253;Paul Hernandez;F;20;Houston
254;Jessica Davis;F;37;Phoenix
255;Jeffery Reyes;M;41;Austin
256;Jamie Stafford;M;50;Denver
257;Zachary Marshall;F;41;San Diego
258;Shannon Frank;M;28;San Jose
259;Jeremiah Pham;M;25;Denver
260;Jennifer Rodriguez;M;53;San Jose
261;Kaitlin Mercado;F;55;San Francisco
262;Amanda Collins;M;57;Phoenix
263;Wendy Hall;F;37;Fort Worth
264;Jonathan Mack;M;52;San Diego
265;Walter Reese;M;42;New York
266;Cynthia Johnston;F;52;New York
267;Christopher Taylor;F;42;Charlotte
268;Elizabeth Walton;M;46;Jacksonville
269;Kim Doyle;F;35;Phoenix
270;Emily Stout;F;35;Dallas
271;Shawn Sanchez;M;19;Indianapolis
272;Melissa Williams;F;52;Fort Worth
273;Sara Chen;M;33;Washington
274;Ryan Duncan;M;58;Fort Worth
275;Oscar Hensley;F;53;Jacksonville
276;Jonathan French;M;50;Los Angeles
277;Deanna Stanton;M;21;Chicago
278;Adam Frank;M;50;Charlotte
279;Angela Santana;F;31;San Jose
280;Jeremy Watkins;F;38;Philadelphia
281;Kerry Butler;M;37;San Jose
282;Andre Jackson;F;25;Denver
283;Maria Shaw;M;24;Charlotte
284;Kathy Holt;F;20;Seattle
285;Sylvia Crane;F;34;Jacksonville
286;Teresa Blankenship;F;50;Dallas
287;Emily David;M;29;Washington
288;Edward Tucker;M;39;New York
289;Kaylee Anderson;F;39;Indianapolis
290;David Evans;F;47;Chicago
291;Lisa Rice;M;55;Washington
292;Katherine Ramos;M;55;Jacksonville
293;Thomas Williams;F;25;Philadelphia
294;Matthew Gutierrez;M;44;New York
295;Nancy Carpenter;F;44;Austin
296;Matthew Grant;M;51;San Francisco
297;Chelsea Meyer;F;38;Columbus
298;Ryan Anderson;F;47;San Diego
299;Marie Martin;M;50;New York
300;David Martinez;M;45;Columbus
301;Kendra Andrews;M;50;San Diego
302;Nicholas Gibson;M;22;Washington
303;Thomas Brown;M;36;Austin
304;Andre Murray;F;21;Chicago
305;Kathy Smith;M;52;San Antonio
306;Diane Hill;F;34;New York
307;Tara Parker;M;45;Charlotte
308;Michelle Russell;M;47;Philadelphia
309;Michael Gonzalez;F;46;San Francisco
310;Terri Watson;F;23;Fort Worth
311;Matthew Black;M;52;Jacksonville
312;Laura Brown;F;58;New York
313;Mary Adams;M;54;San Antonio
314;Anthony Pierce;M;41;Austin
315;Kevin Williams;M;46;Columbus
316;Mrs. Karen Perez;F;48;Columbus
317;David Huffman;F;52;Seattle
318;David Taylor;M;50;Chicago
319;Ashley Gallegos;M;38;San Jose
320;Kyle Camacho;M;49;Charlotte
321;Jasmine Brock;M;40;Columbus
322;Albert Wilson;F;50;Houston
323;Kathryn Drake;M;20;San Antonio
324;Jennifer Anderson;M;35;San Antonio
325;Brenda Boyd;F;42;Indianapolis
326;Elizabeth Conley MD;F;59;San Diego
327;Sara Jones;M;48;Charlotte
328;Robert Nguyen;F;20;Washington
329;Joseph Olson;M;57;San Antonio
330;Tammy Davis;M;41;Phoenix
331;Michele Price;F;49;Seattle
332;Anthony Robinson;M;39;Washington
333;Mary Moody;F;40;Phoenix
334;Charles Vargas;M;19;Phoenix
335;Tina Delacruz;M;44;Seattle
336;Kimberly Martinez;F;59;Seattle
337;Scott Holt;F;19;San Antonio
338;Crystal Suarez;F;43;Dallas
339;Jennifer Bowman;M;34;Los Angeles
340;William James;M;57;Phoenix
341;Alexis Wright;M;50;Austin
342;Brenda Harper;M;26;Washington
343;Fred Gordon;F;56;Fort Worth
344;Kimberly Quinn;F;46;Phoenix
345;Paul Martinez;F;59;Charlotte
346;Todd Turner;M;43;Phoenix
347;Travis Ramirez;F;52;Houston
348;Kelly Hunter;F;42;Indianapolis
349;Matthew Harris;F;41;Houston
350;Karen Davis;F;30;Washington
351;Jessica Edwards;M;24;San Francisco
352;Steven Diaz;M;53;Denver
353;Denise Clark;F;37;Philadelphia
354;Kimberly Rios;M;18;San Jose
355;Wesley Gonzalez;F;25;San Diego
356;Wayne Reed;M;33;Phoenix
357;Angela Martin;M;31;Fort Worth
358;Willie Thompson;F;29;San Francisco
359;Ashley Carpenter;F;40;San Diego
360;Wendy Jensen;F;32;San Antonio
361;Cynthia Gonzalez MD;F;45;Phoenix
362;Samantha Gray;M;51;San Jose
363;Jesse Jacobs;F;19;Seattle
364;John Harris;M;49;Charlotte
365;Christopher Thomas;F;40;New York
366;Ronnie Meza;M;39;Philadelphia
367;Susan Perry;F;42;San Antonio
368;Bryce Cruz;M;39;Los Angeles
369;Spencer Bowers;M;39;San Diego
370;Melissa Lopez;F;59;Washington
371;Dr. Olivia Hendrix DDS;F;23;Washington
372;Lindsay Smith;M;32;Philadelphia
373;Ricky Taylor;F;54;Los Angeles
374;Devin Charles;F;50;San Jose
375;Luis Garcia;M;25;San Antonio
376;Amanda Russell;F;22;Jacksonville
377;Melanie Cabrera PhD;F;56;Washington
378;John Johnson;F;21;San Jose
379;Robert Walker;F;23;San Francisco
380;Ricardo Martinez;F;49;Fort Worth
381;Dr. Michael White;F;47;Denver
382;Tracy Boone;M;52;San Francisco
383;Michael Warner;M;57;Fort Worth
384;Alan Keller;F;33;New York
385;Timothy Castro;F;30;Dallas
386;Kelly Washington;M;59;San Francisco
387;April Cherry;F;47;Austin
388;Jason Santiago;F;36;San Francisco
389;Daniel Edwards;M;34;Columbus
390;Dominique King;F;36;Denver
391;Vanessa Clark;F;45;Washington
392;Kristy Pratt;M;43;San Antonio
393;Andrew King;F;54;Houston
394;Ronnie Hudson;F;43;Philadelphia
395;Megan Beasley;F;40;Chicago
396;Tyler Lam;F;26;Philadelphia
397;Tom Davis;F;29;San Antonio
398;Kathy Bennett;M;18;Charlotte
399;James Harmon;F;18;Houston
400;Robert Edwards;M;51;Indianapolis
401;Ryan Smith;M;49;San Francisco
402;Carolyn Larson;F;42;San Francisco
403;Suzanne Pugh;F;57;New York
404;Brittany Meyer;M;18;San Francisco
405;John Humphrey;M;33;New York
406;John Chan;F;56;Austin
407;Donald Mitchell;M;22;Philadelphia
408;Willie King;M;39;Houston
409;Kimberly Martin;M;46;San Antonio
410;Crystal Fowler;M;20;Dallas
411;Jesus Palmer;M;29;San Antonio
412;Christopher Fields;M;43;Charlotte
413;Megan Davis;F;33;Philadelphia
414;Cynthia Peterson;M;54;Chicago
415;Emily Howard;F;39;New York
416;Mark Barrera;F;46;Denver
417;Cheryl Roberts;M;31;Philadelphia
418;Michael Frederick;F;45;San Jose
419;Kerri Wood;F;22;San Francisco
420;Jennifer Duarte;F;47;Washington
421;Kelly Garcia;M;22;San Jose
422;Kyle Bowers;M;29;Houston
423;Karen Bryan;M;33;New York
424;Michael Reed;M;43;Washington
425;Eddie Flores;F;43;Los Angeles
426;Kim Huffman;M;38;Chicago
427;Bernard Thomas;M;56;Phoenix
428;Frank Norton;F;53;Washington
429;Marissa Fowler;M;50;Jacksonville
430;Ms. Mary Klein;M;47;San Antonio
431;Alex Velazquez;M;54;Denver
432;Marisa Berry;F;40;Columbus
433;Bradley Rodgers;M;27;Jacksonville
434;Richard Dodson;F;22;Chicago
435;Patrick Thompson;F;53;New York
436;Steven Wagner Jr.;F;51;Philadelphia
437;Laura Smith;F;48;Los Angeles
438;David Singh;F;27;Columbus
439;Brenda Lopez;M;36;Philadelphia
440;Shelley Lamb;F;49;Indianapolis
441;Michael Medina;F;18;Fort Worth
442;Hailey Miller;F;22;San Jose
443;Megan Hernandez;M;21;Jacksonville
444;Brian Stephens;F;33;Chicago
445;Mrs. Connie Duran;F;41;Fort Worth
446;Aaron Zavala;M;33;Denver
447;Frank Roberts;F;19;Houston
448;Ashley Wright;F;45;Philadelphia
449;Austin Smith;M;49;Charlotte
450;Brianna Smith;F;44;San Antonio
451;Colleen Smith;M;37;New York
452;Aaron Sawyer;F;41;Columbus
453;Leslie Allen;F;29;Charlotte
454;Richard Smith;F;52;Austin
455;Pamela Payne;M;50;Austin
456;Laurie Cardenas;M;50;Indianapolis
457;Melissa Zuniga;M;54;Chicago
458;Cindy Conley;M;29;San Jose
459;Jasmine Huynh;F;20;Jacksonville
460;Joseph Mcclain;M;18;New York
461;Nicholas Lee;M;50;Chicago
462;Rhonda Ryan;M;57;Charlotte
463;Blake Wright;F;27;Seattle
464;Jennifer Mathis;F;46;Seattle
465;Brittany Newton;F;30;Chicago
466;Melissa Drake;F;29;Charlotte
467;Austin Lyons;F;48;Dallas
468;Chelsea Jones;M;19;Dallas
469;Nancy Hernandez;M;52;Phoenix
470;Randy Williams;F;40;Jacksonville
471;Kelsey Carter;F;34;San Jose
472;Stephanie Clark;M;43;Philadelphia
473;John Davis;F;25;Indianapolis
474;Michelle Perez;F;46;Washington
475;Janet Dominguez;M;43;Charlotte
476;Christopher Hernandez;F;27;San Francisco
477;Jessica Young;F;43;Dallas
478;Steven Harris;F;51;Indianapolis
479;Jessica Pollard;F;58;Indianapolis
480;Emily Woods;M;24;Chicago
481;Kelly Williams;F;21;San Antonio
482;Laura Collier;M;28;Fort Worth
483;William Rojas;F;46;Charlotte
484;Christine Cohen;F;53;Fort Worth
485;Meghan Taylor;F;42;Charlotte
486;Daniel Barnes;M;38;Seattle
487;Janice Gray;F;53;Los Angeles
488;Ashley Morton;F;27;San Francisco
489;Mary Martinez;F;54;Los Angeles
490;Alyssa Brown;M;26;San Jose
491;Sherry Thompson;F;41;Jacksonville
492;Jennifer Hubbard;M;52;San Diego
493;Amanda Stevenson;M;52;Charlotte
494;Jeremy Stafford;F;53;Indianapolis
495;Johnny Clements;M;35;Philadelphia
496;Maria Anderson;M;56;San Diego
497;Brandon Bowman;F;49;San Diego
498;Shannon Graham;M;41;San Francisco
499;Jennifer James;F;40;San Antonio
500;Paul Cole;M;49;Phoenix
